INSERT INTO "public"."industries" ("id", "name") VALUES ('1', 'B2B Software'), ('2', 'Consumer'), ('3', 'Education'), ('4', 'Financial Technology'), ('5', 'Healthcare'), ('6', 'Industrials'), ('7', 'Real Estate & Construction');

INSERT INTO "public"."roles" ("id", "name", "description", "reference") VALUES ('1', 'Software Engineer', 'Software engineering is a branch of both computer science and engineering focused on designing, developing, testing, and maintaining software applications. It involves applying engineering principles and computer programming expertise to develop software systems that meet user needs.

The terms programmer and coder overlap software engineer, but they imply only the construction aspect of a typical software engineer workload.

A software engineer applies a software development process, which involves defining, implementing, testing, managing, and maintaining software systems, as well as developing the software development process itself.', 'https://en.wikipedia.org/wiki/Software_engineering'), ('2', 'DevOps Engineer', 'DevOps is the integration and automation of the software development and information technology operations.', 'https://en.wikipedia.org/wiki/DevOps'), ('3', 'Database Administrator', 'A database administrator (DBA) manages computer databases. The role may include capacity planning, installation, configuration, database design, migration, performance monitoring, security, troubleshooting, as well as backup and data recovery.', 'https://en.wikipedia.org/wiki/Database_administrator'), ('4', 'Database Developer', 'A software developer who writes database-specific code, such as SQL queries.', null), ('5', 'QA Engineer', 'A software engineer focused on writing tests and ensuring the quality of a software system.', null), ('6', 'Software Developer', 'Software development is the process of designing and implementing a software solution to satisfy a user. The process is more encompassing than programming, writing code, in that it includes conceiving the goal, evaluating feasibility, analyzing requirements, design, testing and release. The process is part of software engineering which also includes organizational management, project management, configuration management and other aspects.', 'https://en.wikipedia.org/wiki/Software_development'), ('7', 'Site Reliability Engineer', 'Site Reliability Engineering (SRE) is a discipline in the field of Software Engineering and IT infrastructure support that monitors and improves the availability and performance of deployed software systems and large software services.', 'https://en.wikipedia.org/wiki/Site_reliability_engineering'), ('8', 'Delivery Boy', 'Eats pizza and watches TV on the couch.', 'https://futurama.fandom.com/wiki/Philip_J._Fry');

INSERT INTO "public"."skill_categories" ("id", "name", "parent_skill_category_id", "description", "reference", "notes") VALUES ('1', 'General-purpose programming language', '19', null, null, null), ('2', 'Runtime system', '14', 'A software system that provides an environment in which software programs run.', 'https://en.wikipedia.org/wiki/Runtime_system', 'AKA runtime environment'), ('3', 'Kernel', '22', 'A computer program at the core of a computer''s operating system.', 'https://en.wikipedia.org/wiki/Kernel_(operating_system)', null), ('4', 'Software library', '18', null, null, null), ('5', 'Software framework', '18', 'Software that provides reusable, generic functionality which developers can extend or customize to create complete solutions.

Unlike a library, where user code controls the program''s control flow, a framework implements inversion of control by dictating the overall structure and calling user code at predefined extension points (e.g., through template methods or hooks). Frameworks also provide default behaviors that work out-of-the-box, structured mechanisms for extensibility, and a fixed core that accepts extensions (e.g., plugins or subclasses) without direct modification. ', 'https://en.wikipedia.org/wiki/Software_framework', null), ('6', 'Domain-specific programming language', '19', null, null, null), ('7', 'Markup language', '20', null, null, null), ('8', 'Data-interchange format', '30', null, null, 'Data-interchange format implies a corresponding file format.'), ('9', 'Application protocol', '10', null, null, null), ('10', 'Communication protocol', '30', 'A system of rules that allows two or more entities of a communications system to transmit information via any variation of a physical quantity. The protocol defines the rules, syntax, semantics, and synchronization of communication and possible error recovery methods. Protocols may be implemented by hardware, software, or a combination of both.', 'https://en.wikipedia.org/wiki/Communication_protocol', null), ('11', 'Software platform', '18', 'The infrastructure on which software is executed.', 'https://en.wikipedia.org/wiki/Computing_platform', 'unneeded?'), ('12', 'Database management system', '14', 'A software system that enables users to define, create, maintain and control access to the database.', 'https://en.wikipedia.org/wiki/Database#Database_management_system', null), ('13', 'Computer language', null, null, 'https://en.wikipedia.org/wiki/Computer_language', null), ('14', 'Software system', '18', 'A system of intercommunicating components based on software forming part of a computer system (a combination of hardware and software).
', 'https://en.wikipedia.org/wiki/Software_system', null), ('15', 'Relational database management system', '12', 'A type of database management system that stores data in a structured format using rows and columns.', 'https://en.wikipedia.org/wiki/Relational_database', null), ('16', 'Document database management system', '12', null, null, null), ('17', 'Multi-model database management system', '12', null, null, null), ('18', 'Software', null, null, null, null), ('19', 'Programming language', '13', null, null, null), ('20', 'Structural language', '13', null, null, null), ('21', 'Style sheet language', '20', null, null, null), ('22', 'Software program', '18', 'A sequence or set of instructions in a programming language for a computer to execute. It is one component of software, which also includes documentation and other intangible components.', 'https://en.wikipedia.org/wiki/Computer_program', null), ('23', 'Software programming tool', '22', 'A programming tool or software development tool is a computer program that is used to develop another computer program, usually by helping the developer manage computer files.', 'https://en.wikipedia.org/wiki/Programming_tool', null), ('24', 'Software build tool', '23', null, null, null), ('25', 'System software', '18', 'Software that provides a platform for other software.', 'https://en.wikipedia.org/wiki/System_software', null), ('26', 'Operating system', '14', 'System software that manages computer hardware and software resources, and provides common services for computer programs.', 'https://en.wikipedia.org/wiki/Operating_system', ''), ('27', 'Web development framework', '5', 'A software framework that is designed to support the development of web applications including web services, web resources, and web APIs.', 'https://en.wikipedia.org/wiki/Web_framework', null), ('28', 'CSS framework', '4', 'A library allowing for easier, more standards-compliant web design using the Cascading Style Sheets language.', 'https://en.wikipedia.org/wiki/CSS_framework', null), ('29', 'Middleware', '5', 'A type of software framework that provides services to software applications beyond those available from the operating system. It is sometimes described as "software glue."', 'https://en.wikipedia.org/wiki/Middleware', null), ('30', 'Electronic data interchange', null, 'Electronic data interchange (EDI) is the concept of businesses electronically communicating information that was traditionally communicated on paper, such as purchase orders, advance ship notices, and invoices. Technical standards for EDI exist to facilitate parties transacting such instruments without having to make special arrangements.', 'https://en.wikipedia.org/wiki/Electronic_data_interchange', null);

INSERT INTO "public"."skills" ("id", "name", "description", "skill_category_id", "abbreviation", "reference", "notes") VALUES ('1', 'Microsoft SQL Server', null, '15', null, null, null), ('2', 'Node.js', 'Node.js® is a free, open-source, cross-platform JavaScript runtime environment that lets developers create servers, web apps, command line tools and scripts.', '2', null, 'https://nodejs.org/', 'V8 is Google''s open source high-performance JavaScript and WebAssembly engine, written in C++. It is used in Chrome and in Node.js, among others.

See https://v8.dev/docs.
'), ('3', 'Java', 'Created by James Gosling', '1', null, null, null), ('4', 'JavaScript', null, '1', null, 'https://262.ecma-international.org/', 'Per https://developer.mozilla.org/en-US/docs/Web/JavaScript/Reference/JavaScript_technologies_overview:

The core language of JavaScript is standardized by the ECMA TC39 committee as a language named ECMAScript. "ECMAScript" is the term for the language standard, but "ECMAScript" and "JavaScript" can be used interchangeably.

Among other things, ECMAScript defines:

  • Language syntax (parsing rules, keywords, control flow, object literal initialization, ...)
  • Error handling mechanisms (throw, try...catch, ability to create user-defined Error types)
  • Types (boolean, number, string, function, object, ...)
  • A prototype-based inheritance mechanism
  • Built-in objects and functions, including JSON, Math, Array methods, parseInt, decodeURI, etc.
  • Strict mode
  • A module system
  • Basic memory model
'), ('5', 'Oracle', null, '17', null, 'https://docs.oracle.com/en/database/oracle/oracle-database/index.html', null), ('6', 'Postgres', null, '15', null, null, null), ('7', 'Rust', 'Rust is a general-purpose programming language noted for its emphasis on performance, type safety, concurrency, and memory safety.', '1', null, 'https://en.wikipedia.org/wiki/Rust_(programming_language)', null), ('8', 'macOS', null, '26', null, 'https://en.wikipedia.org/wiki/MacOS', null), ('9', 'Windows', null, '26', null, null, null), ('10', 'Linux', 'A family of open source Unix-like operating systems based on the Linux kernel.', '26', null, 'https://en.wikipedia.org/wiki/Linux', 'Should this be under an "operating system family" category?'), ('11', 'Red Hat Enterprise Linux', null, '26', 'RHEL', null, null), ('12', 'React', 'A front-end JavaScript library for building user interfaces based on components. It is maintained by Meta (formerly Facebook) and a community of individual developers and companies.', '4', null, 'https://en.wikipedia.org/wiki/React_(software)', null), ('13', 'Next.js', null, '27', null, 'https://en.wikipedia.org/wiki/Next.js', null), ('14', 'Remix', null, '27', null, 'https://remix.run/', null), ('15', 'Structured Query Language', null, '6', 'SQL', 'https://en.wikipedia.org/wiki/SQL', null), ('16', 'Hypertext Markup Language', 'Hypertext Markup Language (HTML) is the standard markup language[a] for documents designed to be displayed in a web browser. It defines the content and structure of web content. It is often assisted by technologies such as Cascading Style Sheets (CSS) and scripting languages such as JavaScript.', '7', 'HTML', 'https://html.spec.whatwg.org/', null), ('17', 'Extensible Markup Language (format)', 'Extensible Markup Language (XML) is a simple, very flexible text format derived from SGML (ISO 8879). Originally designed to meet the challenges of large-scale electronic publishing, XML is also playing an increasingly important role in the exchange of a wide variety of data on the Web and elsewhere.', '8', 'XML', 'https://www.w3.org/XML/', 'This duplicates a corresponding skill under Markup languages.'), ('18', 'JavaScript Object Notation', 'JSON (JavaScript Object Notation) is a lightweight data-interchange format. It is based on a subset of the JavaScript Programming Language Standard ECMA-262 3rd Edition - December 1999.', '8', 'JSON', 'https://www.json.org/', 'RFC 8259 - see https://www.rfc-editor.org/rfc/rfc8259.txt.'), ('19', 'LDAP Data Interchange Format', null, '8', 'LDIF', 'https://en.wikipedia.org/wiki/LDAP_Data_Interchange_Format', null), ('20', 'Internet protocol suite', null, '10', 'TCP/IP', null, null), ('21', 'Transmission Control Protocol', null, '10', 'TCP', null, null), ('22', 'Internet Protocol', null, '10', 'IP', null, null), ('23', 'Lightweight Directory Access Protocol', null, '9', 'LDAP', 'https://en.wikipedia.org/wiki/Lightweight_Directory_Access_Protocol', null), ('24', 'Cascading Style Sheets', null, '21', 'CSS', 'https://www.w3.org/TR/css/', null), ('25', 'Windows Server', null, '26', null, '', null), ('26', 'MongoDB', 'MongoDB is a source-available, cross-platform, document-oriented database program. Classified as a NoSQL database product, MongoDB uses JSON-like documents with optional schemas.', '16', null, 'https://en.wikipedia.org/wiki/MongoDB', null), ('27', 'Vite', 'A build tool that aims to provide a faster and leaner development experience for modern web projects.', '24', null, 'https://vite.dev/guide/', null), ('28', 'Tailwind CSS', 'A utility-first CSS framework.', '28', 'Tailwind', 'https://en.wikipedia.org/wiki/Tailwind_CSS', null), ('29', 'Lodash', 'A modern JavaScript utility library delivering modularity, performance & extras.', '4', null, 'https://lodash.com/', null), ('30', 'Go', 'Go is a high-level general purpose programming language that is statically typed and compiled.', '1', null, 'https://go.dev/', null), ('31', 'Linux kernel', 'A free and open-source  Unix-like kernel that is used in many computer systems worldwide. The kernel was created by Linus Torvalds in 1991 and was soon adopted as the kernel for the GNU operating system (OS) which was created to be a free replacement for Unix.', '3', null, 'https://en.wikipedia.org/wiki/Linux_kernel', null), ('32', 'Java Virtual Machine', 'A virtual machine that enables a computer to run Java programs as well as programs written in other languages that are also compiled to Java bytecode.', '2', 'JVM', 'https://en.wikipedia.org/wiki/Java_virtual_machine', null), ('33', 'TypeScript', 'A high-level programming language that adds static typing with optional type annotations to JavaScript.', '1', null, 'https://en.wikipedia.org/wiki/TypeScript', null), ('34', 'Extensible Markup Language', 'Extensible Markup Language (XML) is a simple, very flexible text format derived from SGML (ISO 8879). Originally designed to meet the challenges of large-scale electronic publishing, XML is also playing an increasingly important role in the exchange of a wide variety of data on the Web and elsewhere.', '7', 'XML', 'https://www.w3.org/XML/', 'This duplicates a corresponding skill under Data-interchange formats.');

INSERT INTO "public"."skill_versions" ("id", "skill_id", "version", "reference", "notes", "release_date", "ordinal") VALUES ('1', '1', 'SQL Server 2022', 'https://learn.microsoft.com/en-us/troubleshoot/sql/releases/sqlserver-2022/build-versions', null, '2022-11-16', '3'), ('2', '1', 'SQL Server 2019', 'https://learn.microsoft.com/en-us/troubleshoot/sql/releases/sqlserver-2019/build-versions', null, '2019-11-04', '2'), ('3', '1', 'SQL Server 2017', 'https://learn.microsoft.com/en-us/troubleshoot/sql/releases/sqlserver-2017/build-versions', null, '2017-09-29', '1'), ('4', '2', 'v24', 'https://nodejs.org/en/blog/release/v24.0.0', null, '2025-05-06', '3'), ('5', '2', 'v22', 'https://nodejs.org/en/blog/release/v22.0.0', null, '2024-04-24', '2'), ('6', '2', 'v20', 'https://nodejs.org/en/blog/release/v20.9.0/', null, '2023-10-24', '1'), ('7', '3', 'JDK 24', 'https://www.oracle.com/java/technologies/javase/24all-relnotes.html', null, '2025-07-15', '3'), ('8', '3', 'JDK 23', 'https://www.oracle.com/java/technologies/javase/23all-relnotes.html', null, '2025-01-21', '2'), ('9', '3', 'JDK 22', 'https://www.oracle.com/java/technologies/javase/22all-relnotes.html', null, '2024-07-16', '1'), ('10', '4', 'ES2025', 'https://github.com/tc39/ecma262/releases/tag/es2025', null, '2025-06-29', '3'), ('11', '4', 'ES2024', 'https://github.com/tc39/ecma262/releases/tag/es2024', null, '2024-06-26', '2'), ('12', '4', 'ES2023', 'https://github.com/tc39/ecma262/releases/tag/es2023', null, '2023-06-07', '1'), ('13', '5', '23ai', 'https://blogs.oracle.com/database/post/oracle-23ai-now-generally-available', null, '2024-05-02', '3'), ('14', '5', '21c', 'https://blogs.oracle.com/database/post/introducing-oracle-database-21c', null, '2021-01-13', '2'), ('15', '5', '19c', 'https://blogs.oracle.com/database/post/oracle-database-19c-now-available-on-oracle-exadata', null, '2019-02-13', '1'), ('16', '6', '17', 'https://www.postgresql.org/support/versioning/', null, '2024-09-26', '3'), ('17', '6', '16', 'https://www.postgresql.org/support/versioning/', null, '2023-09-14', '2'), ('18', '6', '15', 'https://www.postgresql.org/support/versioning/', null, '2022-10-13', '1'), ('19', '7', '1.89.0', 'https://blog.rust-lang.org/2025/08/07/Rust-1.89.0/', null, '2025-08-07', '3'), ('20', '7', '1.88.0', 'https://blog.rust-lang.org/2025/06/26/Rust-1.88.0/', null, '2025-06-26', '2'), ('21', '7', '1.87.0', 'https://blog.rust-lang.org/2025/05/15/Rust-1.87.0/', null, '2025-05-15', '1'), ('22', '8', 'Tahoe 26', 'https://en.wikipedia.org/wiki/MacOS_Tahoe', null, '2025-09-15', '3'), ('23', '8', 'Sequoia 15', 'https://support.apple.com/en-us/121238', null, '2024-09-16', '2'), ('24', '8', 'Sonoma 14', 'https://support.apple.com/en-us/120950', null, '2023-09-26', '1'), ('25', '9', '11', 'https://blogs.windows.com/windowsexperience/2021/10/04/windows-11-a-new-era-for-the-pc-begins-today/', null, '2021-10-04', '3'), ('26', '9', '10', 'https://en.wikipedia.org/wiki/Windows_10_version_history', null, '2015-07-29', '2'), ('27', '9', '8', 'https://web.archive.org/web/20121027202517/https://blogs.windows.com/windows/b/bloggingwindows/archive/2012/10/25/windows-reimagined-windows8.aspx', null, '2012-10-25', '1'), ('28', '10', '6', 'https://lore.kernel.org/lkml/CAHk-=wiaGf66EQOq1FwM6p9c3mGOjzm9stGeUTfC5Txx4yoxgg@mail.gmail.com/T/#u', null, '2022-10-02', '3'), ('29', '10', '5', 'https://lkml.iu.edu/hypermail/linux/kernel/1903.0/01288.html', null, '2019-03-03', '2'), ('30', '10', '4', 'https://lkml.org/lkml/2015/4/12/178', null, '2015-04-12', '1'), ('31', '11', '10.0', 'https://en.wikipedia.org/wiki/Red_Hat_Enterprise_Linux', null, '2025-05-13', '3'), ('32', '11', '9', 'https://www.redhat.com/en/about/press-releases/red-hat-defines-new-epicenter-innovation-red-hat-enterprise-linux-9', null, '2022-05-10', '2'), ('33', '11', '8', 'https://web.archive.org/web/20201130234314/https://access.redhat.com/announcements/4110231', null, '2019-05-07', '1'), ('34', '12', '19', 'https://react.dev/blog/2024/12/05/react-19', null, '2024-12-05', '3'), ('35', '12', '18', 'https://18.react.dev/blog/2022/03/29/react-v18', null, '2022-03-29', '2'), ('36', '12', '17', 'https://legacy.reactjs.org/blog/2020/10/20/react-v17.html', null, '2020-10-20', '1'), ('37', '13', '15', 'https://github.com/vercel/next.js/releases/tag/v15.0.0', null, '2024-10-21', '3'), ('38', '13', '14', 'https://github.com/vercel/next.js/releases/tag/v14.0.0', null, '2023-10-26', '2'), ('39', '13', '13', 'https://nextjs.org/blog/next-13', null, '2022-10-25', '1'), ('40', '14', '2.17.0', 'https://github.com/remix-run/remix/releases/tag/remix%402.17.0', null, '2025-07-25', '2'), ('41', '14', '1.19.3', 'https://github.com/remix-run/remix/releases/tag/remix%401.19.3', null, '2023-08-09', '1'), ('42', '15', 'SQL:2023', 'https://www.iso.org/standard/76586.html', null, '2023-06-01', '3'), ('43', '15', 'SQL:2016', 'https://www.iso.org/standard/63555.html', null, '2016-12-01', '2'), ('44', '15', 'SQL:2011', 'https://en.wikipedia.org/wiki/SQL:2011', null, '2011-12-01', '1'), ('45', '17', '1.0', 'https://www.w3.org/TR/2008/REC-xml-20081126/', null, '2008-11-26', '2'), ('46', '17', '1.1', 'https://www.w3.org/TR/2006/REC-xml11-20060816/', 'XML 1.1 is not very widely implemented and is recommended for use only by those who need its particular features.

See https://en.wikipedia.org/wiki/XML#Versions.', '2006-08-16', '1'), ('47', '23', 'version 3', '  https://datatracker.ietf.org/doc/html/rfc4511', null, '2006-06-01', '2'), ('48', '23', 'version 2', 'https://www.rfc-editor.org/rfc/rfc1777', null, '1995-03-01', '1'), ('49', '19', '1', 'https://www.rfc-editor.org/rfc/rfc2849', null, '2000-06-01', '1'), ('50', '18', '2017', 'https://www.rfc-editor.org/rfc/rfc8259.txt', null, '2017-12-01', '1'), ('51', '16', 'LS', 'https://html.spec.whatwg.org/', 'https://html.spec.whatwg.org/multipage/introduction.html#is-this-html5 states

"In short: Yes.

"In more length: the term ''HTML5'' is widely used as a buzzword to refer to modern web technologies, many of which (though by no means all) are developed at the WHATWG. This document is one such; others are available from the WHATWG Standards overview."', '2025-09-13', '3'), ('52', '16', '5 (2017)', 'https://www.w3.org/TR/2021/SPSD-html52-20210128/', null, '2021-01-28', '2'), ('53', '16', '4 (1999)', 'https://www.w3.org/TR/html40/', null, '1999-12-24', '1'), ('54', '24', 'Level 3', 'https://www.w3.org/TR/2025/NOTE-css-2025-20250909/', '"CSS Level 3" as a term is used only to differentiate it from the previous monolithic versions.', '2025-09-09', '3'), ('55', '24', 'Level 2', 'https://www.w3.org/TR/2008/REC-CSS2-20080411/', 'Although the CSS2 specification is technically a W3C Recommendation, it passed into the Recommendation stage before the W3C had defined the Candidate Recommendation stage. Over time implementation experience and further review has brought to light many problems in the CSS2 specification, so instead of expanding an already unwieldy errata list, the CSS Working Group chose to define CSS Level 2 Revision 1 (CSS2.1). In case of any conflict between the two specs CSS2.1 contains the definitive definition.

Once CSS2.1 became Candidate Recommendation—effectively though not officially the same level of stability as CSS2—obsoleted the CSS2 Recommendation. Features in CSS2 that were dropped from CSS2.1 should be considered to be at the Candidate Recommendation stage, but note that many of these have been or will be pulled into a CSS Level 3 working draft, in which case that specification will, once it reaches CR, obsolete the definitions in CSS2.

The CSS2.1 specification defines CSS Level 2 and the CSS Style Attributes specification defines its inclusion in element-specific style attributes.', '1998-05-12', '2'), ('56', '24', 'Level 1', 'https://www.w3.org/TR/2008/REC-CSS1-20080411/', 'The CSS Working Group considers the CSS1 specification to be obsolete. CSS Level 1 is defined as all the features defined in the CSS1 specification (properties, values, at-rules, etc), but using the syntax and definitions in the CSS2.1 specification. CSS Style Attributes defines its inclusion in element-specific style attributes. ', '1996-12-17', '1'), ('57', '25', '2025', 'https://en.wikipedia.org/wiki/Windows_Server_2025', null, '2024-11-01', '3'), ('58', '25', '2022', 'https://en.wikipedia.org/wiki/Windows_Server_2022', null, '2021-08-18', '2'), ('59', '25', '2019', 'https://en.wikipedia.org/wiki/Windows_Server_2019', null, '2018-10-02', '1'), ('60', '26', '8.0', 'https://www.mongodb.com/docs/manual/release-notes/8.0/', null, '2024-10-02', '3'), ('61', '26', '7.0', 'https://www.mongodb.com/docs/v7.0/release-notes/7.0/', null, '2023-08-15', '2'), ('62', '26', '6.0', 'https://www.mongodb.com/docs/v6.0/release-notes/', null, '2022-07-19', '1'), ('63', '27', 'v7', 'https://github.com/vitejs/vite/releases/tag/v7.0.0', null, '2025-06-24', '3'), ('64', '27', 'v6', 'https://github.com/vitejs/vite/releases/tag/v6.0.0', null, '2024-11-26', '2'), ('65', '27', 'v5', 'https://github.com/vitejs/vite/releases/tag/v5.0.0', null, '2023-11-16', '1'), ('66', '28', 'v4.1.12', 'https://github.com/tailwindlabs/tailwindcss/releases/tag/v4.1.12', null, '2025-08-14', '3'), ('67', '28', 'v3.4.17', 'https://github.com/tailwindlabs/tailwindcss/releases/tag/v3.4.17', null, '2024-12-17', '2'), ('68', '28', 'v2.2.19', 'https://github.com/tailwindlabs/tailwindcss/releases/tag/v2.2.19', null, '2021-10-29', '1'), ('69', '29', '4.0.0', 'https://github.com/lodash/lodash/releases/tag/4.0.0', null, '2016-01-12', '3'), ('70', '29', '3.10.1', 'https://github.com/lodash/lodash/releases/tag/3.0.0', null, '2015-01-26', '2'), ('71', '29', '2.4.2', 'https://github.com/lodash/lodash/releases/tag/2.0.0', null, '2013-09-14', '1'), ('72', '30', 'go1.25.0', 'https://go.dev/doc/go1.25', null, '2025-08-12', '3'), ('73', '30', 'go1.24.0', 'https://go.dev/doc/go1.24', null, '2025-02-11', '2'), ('74', '30', 'go1.23.0', 'https://go.dev/doc/go1.23', null, '2024-08-13', '1'), ('75', '33', '5.9.2', 'https://github.com/microsoft/TypeScript/releases/tag/v5.9.2', null, '2025-07-31', '3'), ('76', '33', '4.1.6', 'https://github.com/microsoft/TypeScript/releases/tag/v4.1.6', null, '2021-06-17', '2');

INSERT INTO "public"."skill_relations" ("skill_id", "related_skill_id", "is_bidirectional") VALUES ('1', '15', 'false'), ('2', '4', 'false'), ('5', '15', 'false'), ('6', '15', 'false'), ('11', '10', 'false'), ('12', '4', 'false'), ('13', '12', 'false'), ('14', '12', 'false'), ('19', '23', 'true'), ('21', '20', 'true'), ('22', '20', 'true'), ('28', '24', 'false');
